Table Name,Column Name,Data Type,Nullable,Default,Constraints,Description
CAM_PARTY_MASTER,PARTY_ID,VARCHAR2(20),No,-,PK,Unique internal party identifier (e.g. P12345)
CAM_PARTY_MASTER,CLIENT_ID,VARCHAR2(20),No,-,UNIQUE,External client identifier (business key) (e.g. GB-10234 PB-20451)
CAM_PARTY_MASTER,LEGAL_NAME,VARCHAR2(500),No,-,-,Legal name of the client/entity
CAM_PARTY_MASTER,LOB,VARCHAR2(20),No,-,CHECK,"Line of Business: GB/GM, PB, ML, Consumer, CI, Small Business"
CAM_PARTY_MASTER,RISK_RATING,VARCHAR2(20),No,-,CHECK,"Current risk rating: High, Elevated, Standard, Low"
CAM_PARTY_MASTER,REFRESH_DUE_DATE,DATE,Yes,-,-,Date when next refresh is due
CAM_PARTY_MASTER,REFRESH_ANNIVERSARY_MONTH,VARCHAR2(20),Yes,-,-,Anniversary month for refresh (Small Business LOB)
CAM_PARTY_MASTER,DGA_DUE_DATE,DATE,Yes,-,-,DGA (Due Diligence Assessment) due date
CAM_PARTY_MASTER,GLOBAL_DGA_DUE_DATE,DATE,Yes,-,-,Global DGA due date (GB/GM LOB)
CAM_PARTY_MASTER,FAMILY_ANNIVERSARY_DATE,DATE,Yes,-,-,Family anniversary date for refresh scheduling
CAM_PARTY_MASTER,HAS_312_FLAG,CHAR(1),Yes,N,CHECK,Indicates if party is subject to 312 review (Y or N)
CAM_PARTY_MASTER,ACTIVE_STATUS,CHAR(1),Yes,Y,CHECK,Active status of party record (Y or N)
CAM_PARTY_MASTER,CREATED_DATE,TIMESTAMP,Yes,CURRENT_TIMESTAMP,-,Record creation timestamp
CAM_PARTY_MASTER,CREATED_BY,VARCHAR2(50),Yes,-,-,User who created the record
CAM_PARTY_MASTER,MODIFIED_DATE,TIMESTAMP,Yes,-,-,Last modification timestamp
CAM_PARTY_MASTER,MODIFIED_BY,VARCHAR2(50),Yes,-,-,User who last modified the record
CAM_POPULATION_TRIGGER,TRIGGER_ID,NUMBER,No,IDENTITY,PK,Auto-generated unique trigger identifier
CAM_POPULATION_TRIGGER,PARTY_ID,VARCHAR2(20),No,-,FK,Reference to CAM_PARTY_MASTER
CAM_POPULATION_TRIGGER,TRIGGER_TYPE,VARCHAR2(30),No,-,CHECK,"Type of trigger: Refresh 180 Days, Refresh 120 Days, Refresh 95 Days, DGA Due Date, Manual Upload"
CAM_POPULATION_TRIGGER,TRIGGER_DATE,DATE,No,-,-,Date when trigger was activated
CAM_POPULATION_TRIGGER,DAYS_TO_REFRESH,NUMBER,Yes,-,-,Number of days until refresh due date at time of trigger
CAM_POPULATION_TRIGGER,IS_MANUAL_UPLOAD,CHAR(1),Yes,N,CHECK,Flag indicating manual exception by CAM team (Y or N)
CAM_POPULATION_TRIGGER,MANUAL_UPLOAD_REASON,VARCHAR2(1000),Yes,-,-,Explanation for manual upload exception
CAM_POPULATION_TRIGGER,TRIGGERED_BY,VARCHAR2(50),Yes,-,-,User or system process that triggered
CAM_POPULATION_TRIGGER,TRIGGER_STATUS,VARCHAR2(20),Yes,Active,CHECK,"Status: Active, Processed, Cancelled"
CAM_POPULATION_TRIGGER,CASES_CREATED_FLAG,CHAR(1),Yes,N,CHECK,Flag indicating if cases were created (Y or N)
CAM_POPULATION_TRIGGER,CREATED_DATE,TIMESTAMP,Yes,CURRENT_TIMESTAMP,-,Record creation timestamp
CAM_POPULATION_TRIGGER,CREATED_BY,VARCHAR2(50),Yes,-,-,User who created the record
CAM_312_CASES,CAM_312_CASE_ID,VARCHAR2(30),No,-,PK,Unique 312 case identifier (e.g. CAM312-2026-001)
CAM_312_CASES,PARTY_ID,VARCHAR2(20),No,-,FK,Reference to CAM_PARTY_MASTER
CAM_312_CASES,TRIGGER_ID,NUMBER,Yes,-,FK,Reference to CAM_POPULATION_TRIGGER
CAM_312_CASES,CASE_STATUS,VARCHAR2(20),No,-,CHECK,"Current status: Unassigned, In Progress, Complete, Closed, Cancelled"
CAM_312_CASES,DECISION,VARCHAR2(20),No,-,CHECK,"Case decision: Full Review, Auto-Close, Not Applicable"
CAM_312_CASES,HAS_MODEL_ALERT,CHAR(1),Yes,N,CHECK,Y if 312 model detected alert requiring manual review
CAM_312_CASES,AUTO_COMPLETE_FLAG,CHAR(1),Yes,N,CHECK,Y if case was auto-closed without manual review
CAM_312_CASES,MODEL_OUTPUT,VARCHAR2(2000),Yes,-,-,312 model output message explaining decision
CAM_312_CASES,CASE_CREATED_DATE,DATE,No,-,-,Date case was created
CAM_312_CASES,CASE_ASSIGNED_DATE,DATE,Yes,-,-,Date case was assigned to analyst
CAM_312_CASES,CASE_COMPLETED_DATE,DATE,Yes,-,-,Date case was completed
CAM_312_CASES,ASSIGNED_TO,VARCHAR2(50),Yes,-,-,User assigned to the case
CAM_312_CASES,COMPLETED_BY,VARCHAR2(50),Yes,-,-,User who completed the case
CAM_312_CASES,DISPOSITION_CODE,VARCHAR2(50),Yes,-,-,Final disposition code
CAM_312_CASES,DISPOSITION_NOTES,CLOB,Yes,-,-,Detailed disposition notes
CAM_312_CASES,SLA_DUE_DATE,DATE,Yes,-,-,Service Level Agreement due date
CAM_312_CASES,PRIORITY,VARCHAR2(20),Yes,-,CHECK,"Priority: High, Medium, Low"
CAM_312_CASES,CREATED_DATE,TIMESTAMP,Yes,CURRENT_TIMESTAMP,-,Record creation timestamp
CAM_312_CASES,CREATED_BY,VARCHAR2(50),Yes,-,-,User who created the record
CAM_312_CASES,MODIFIED_DATE,TIMESTAMP,Yes,-,-,Last modification timestamp
CAM_312_CASES,MODIFIED_BY,VARCHAR2(50),Yes,-,-,User who last modified the record
CAM_312_CASES,EXPECTED_ACTIVITY_VOL_RANGE,VARCHAR2(20),Yes,-,CHECK,"Expected volume range for 312 clients: 0-99, 100-499, 500-999, 1000+"
CAM_312_CASES,EXPECTED_ACTIVITY_VOL_ELEC,NUMBER,Yes,-,-,Expected number of electronic transfers per month (ML/PB)
CAM_312_CASES,EXPECTED_ACTIVITY_VOL_CASH,NUMBER,Yes,-,-,Expected number of cash/check transactions per month (ML/PB)
CAM_312_CASES,EXPECTED_ACTIVITY_VOL_DDQ,CLOB,Yes,-,-,Expected activity volume DDQ fields as JSON (GB/GM)
CAM_312_CASES,EXPECTED_ACTIVITY_VAL_RANGE,VARCHAR2(30),Yes,-,CHECK,"Expected value range for 312 clients: $0-$9,999, $10,000-$49,999, $50,000-$99,999, $100,000+"
CAM_312_CASES,EXPECTED_ACTIVITY_VAL_ELEC,NUMBER,Yes,-,-,Expected dollar value of electronic transfers per month (ML/PB)
CAM_312_CASES,EXPECTED_ACTIVITY_VAL_CASH,NUMBER,Yes,-,-,Expected dollar value of cash/check transactions per month (ML/PB)
CAM_312_CASES,EXPECTED_ACTIVITY_VAL_DDQ,CLOB,Yes,-,-,Expected activity value DDQ fields as JSON (GB/GM)
CAM_312_CASES,EXPECTED_CROSS_BORDER,VARCHAR2(2000),Yes,-,-,Expected international transactions and jurisdictions
CAM_312_CASES,PURPOSE_OF_RELATIONSHIP,VARCHAR2(2000),Yes,-,-,Business purpose for banking relationship (GB/GM only)
CAM_312_CASES,PURPOSE_OF_ACCOUNT,VARCHAR2(2000),Yes,-,-,General purpose description for accounts (ML/PB only)
CAM_312_CASES,PURPOSE_OF_ACCOUNT_DETAILS,CLOB,Yes,-,-,Detailed account-level purpose and source of funds as JSON array (ML/PB only)
CAM_312_CASES,SOURCE_OF_FUNDS,VARCHAR2(2000),Yes,-,-,General source of funds description (ML/PB only)
CAM_312_CASES,Q1_DISPOSITION,VARCHAR2(50),Yes,-,CHECK,"Q1 disposition: need_trms, not_unusual_other, not_unusual_market_volatility"
CAM_312_CASES,Q1_COMMENTARY,CLOB,Yes,-,-,Q1: Analyst commentary on money movement patterns
CAM_312_CASES,Q2_DISPOSITION,VARCHAR2(50),Yes,-,CHECK,"Q2 disposition: need_trms, not_unusual"
CAM_312_CASES,Q2_COMMENTARY,CLOB,Yes,-,-,Q2: Analyst commentary on cross-border activity
CAM_312_CASES,Q3_OPTION,VARCHAR2(50),Yes,-,CHECK,"Q3 option: all_aligned, need_trms, activity_differed"
CAM_312_CASES,Q3_COMMENTS,CLOB,Yes,-,-,Q3: Comments explaining activity differences
CAM_312_CASES,Q4_DISPOSITION,VARCHAR2(50),Yes,-,CHECK,"Q4 disposition: need_trms, not_unusual (ML/PB only)"
CAM_312_CASES,Q4_COMMENTARY,CLOB,Yes,-,-,Q4: Analyst commentary on source of funds (ML/PB only)
CAM_312_CASES,CASE_ACTION,VARCHAR2(50),Yes,-,CHECK,"Final action: complete_no_action, complete_trms_filed, send_to_sales"
CAM_312_CASES,TRMS_NUMBER,VARCHAR2(30),Yes,-,-,TRMS case number if TRMS filed
CAM_312_CASES,SALES_OWNER_SELECTED,VARCHAR2(100),Yes,-,-,Sales owner selected for routing
CAM_312_CASES,SALES_COMMENTS,CLOB,Yes,-,-,Comments to sales owner when routing case
CAM_CASES,CAM_CASE_ID,VARCHAR2(30),No,-,PK,Unique CAM case identifier (e.g. CAM-2026-001)
CAM_CASES,PARTY_ID,VARCHAR2(20),No,-,FK,Reference to CAM_PARTY_MASTER
CAM_CASES,TRIGGER_ID,NUMBER,Yes,-,FK,Reference to CAM_POPULATION_TRIGGER
CAM_CASES,CAM_312_CASE_ID,VARCHAR2(30),Yes,-,FK,Reference to related 312 case
CAM_CASES,CASE_STATUS,VARCHAR2(20),No,-,CHECK,"Current status: Unassigned, In Progress, Complete, Closed, Cancelled"
CAM_CASES,DECISION,VARCHAR2(20),No,-,CHECK,"Case decision: Full Review, Auto-Close, Pending 312, Not Applicable"
CAM_CASES,AUTO_COMPLETE_FLAG,CHAR(1),Yes,N,CHECK,Y if case was auto-closed without manual review
CAM_CASES,GFC_COUNT_TOTAL,NUMBER,Yes,0,-,Total count of GFC cases in last 12 months
CAM_CASES,GFC_COUNT_OPEN,NUMBER,Yes,0,-,Count of open GFC cases
CAM_CASES,GFC_COUNT_NEW,NUMBER,Yes,0,-,Count of new/unreviewed GFC cases in last 12 months
CAM_CASES,HAD_312_NOT_AUTO_CLOSED,CHAR(1),Yes,N,CHECK,Flag if prior 312 case was not auto-closed (Y or N)
CAM_CASES,COMPLETED_CASES_12M,NUMBER,Yes,0,-,Count of completed GFC cases in last 12 months
CAM_CASES,HAS_SAR_12M,CHAR(1),Yes,N,CHECK,Flag if SAR filed in last 12 months (Y or N)
CAM_CASES,HAD_CAM_REVIEW_12M,CHAR(1),Yes,N,CHECK,Flag if CAM review conducted in last 12 months (Y or N)
CAM_CASES,CASE_CREATED_DATE,DATE,No,-,-,Date case was created
CAM_CASES,CASE_ASSIGNED_DATE,DATE,Yes,-,-,Date case was assigned to analyst
CAM_CASES,CASE_COMPLETED_DATE,DATE,Yes,-,-,Date case was completed
CAM_CASES,ASSIGNED_TO,VARCHAR2(50),Yes,-,-,User assigned to the case
CAM_CASES,COMPLETED_BY,VARCHAR2(50),Yes,-,-,User who completed the case
CAM_CASES,DISPOSITION_CODE,VARCHAR2(50),Yes,-,-,Final disposition code
CAM_CASES,DISPOSITION_NOTES,CLOB,Yes,-,-,Detailed disposition notes
CAM_CASES,SLA_DUE_DATE,DATE,Yes,-,-,Service Level Agreement due date
CAM_CASES,PRIORITY,VARCHAR2(20),Yes,-,CHECK,"Priority: High, Medium, Low"
CAM_CASES,CREATED_DATE,TIMESTAMP,Yes,CURRENT_TIMESTAMP,-,Record creation timestamp
CAM_CASES,CREATED_BY,VARCHAR2(50),Yes,-,-,User who created the record
CAM_CASES,MODIFIED_DATE,TIMESTAMP,Yes,-,-,Last modification timestamp
CAM_CASES,MODIFIED_BY,VARCHAR2(50),Yes,-,-,User who last modified the record
CAM_GFC_CASES,GFC_CASE_ID,VARCHAR2(30),No,-,PK,Unique GFC case identifier (e.g. GFC-2026-001)
CAM_GFC_CASES,PARTY_ID,VARCHAR2(20),No,-,FK,Reference to CAM_PARTY_MASTER
CAM_GFC_CASES,CASE_TYPE,VARCHAR2(50),No,-,-,"Type: Transaction Monitoring, Sanctions Screening, Name Screening, SAR, Negative News, etc."
CAM_GFC_CASES,OPENED_DATE,DATE,No,-,-,Date the GFC case was opened
CAM_GFC_CASES,CLOSED_DATE,DATE,Yes,-,-,Date the GFC case was closed (NULL if still open)
CAM_GFC_CASES,CASE_STATUS,VARCHAR2(20),No,-,CHECK,"Status: Open, Closed, Cancelled"
CAM_GFC_CASES,IS_IN_SCOPE,CHAR(1),Yes,Y,CHECK,Whether GFC case is in scope for CAM review (last 12 months)
CAM_GFC_CASES,IS_SAR,CHAR(1),Yes,N,CHECK,Flag indicating if this is a Suspicious Activity Report
CAM_GFC_CASES,PRIORITY,VARCHAR2(20),Yes,-,-,Priority level
CAM_GFC_CASES,DISPOSITION_CODE,VARCHAR2(50),Yes,-,-,Final disposition code
CAM_GFC_CASES,CREATED_DATE,TIMESTAMP,Yes,CURRENT_TIMESTAMP,-,Record creation timestamp
CAM_GFC_CASES,CREATED_BY,VARCHAR2(50),Yes,-,-,User who created the record
CAM_GFC_CASES,MODIFIED_DATE,TIMESTAMP,Yes,-,-,Last modification timestamp
CAM_GFC_CASES,MODIFIED_BY,VARCHAR2(50),Yes,-,-,User who last modified the record
CAM_CASE_GFC_LINK,LINK_ID,NUMBER,No,IDENTITY,PK,Auto-generated unique link identifier
CAM_CASE_GFC_LINK,CAM_CASE_ID,VARCHAR2(30),No,-,FK,Reference to CAM_CASES
CAM_CASE_GFC_LINK,GFC_CASE_ID,VARCHAR2(30),No,-,FK,Reference to CAM_GFC_CASES
CAM_CASE_GFC_LINK,WAS_REVIEWED,CHAR(1),Yes,N,CHECK,Flag if GFC was reviewed in this CAM case (Y or N)
CAM_CASE_GFC_LINK,REVIEWED_IN_PRIOR_CAM,CHAR(1),Yes,N,CHECK,Flag if GFC was already reviewed in a prior CAM case
CAM_CASE_GFC_LINK,PRIOR_CAM_CASE_ID,VARCHAR2(30),Yes,-,-,Reference to prior CAM case that reviewed this GFC
CAM_CASE_GFC_LINK,LINKED_DATE,TIMESTAMP,Yes,CURRENT_TIMESTAMP,-,Date the link was created
CAM_CASE_GFC_LINK,LINKED_BY,VARCHAR2(50),Yes,-,-,User who created the link
CAM_REVIEW_HISTORY,REVIEW_ID,NUMBER,No,IDENTITY,PK,Auto-generated unique review identifier
CAM_REVIEW_HISTORY,CAM_CASE_ID,VARCHAR2(30),No,-,FK,Reference to CAM_CASES
CAM_REVIEW_HISTORY,PARTY_ID,VARCHAR2(20),No,-,FK,Reference to CAM_PARTY_MASTER
CAM_REVIEW_HISTORY,REVIEW_DATE,DATE,No,-,-,Date the review was completed
CAM_REVIEW_HISTORY,REVIEW_TYPE,VARCHAR2(30),Yes,-,CHECK,"Type: 312 Review, CAM Review, Combined Review"
CAM_REVIEW_HISTORY,GFC_CASES_REVIEWED,NUMBER,Yes,0,-,Count of GFC cases reviewed
CAM_REVIEW_HISTORY,DISPOSITION_CODE,VARCHAR2(50),Yes,-,-,Final disposition code
CAM_REVIEW_HISTORY,DISPOSITION_SUMMARY,VARCHAR2(2000),Yes,-,-,Summary of review outcome
CAM_REVIEW_HISTORY,REVIEWER_NAME,VARCHAR2(100),Yes,-,-,Name of reviewer who completed the review
CAM_REVIEW_HISTORY,CREATED_DATE,TIMESTAMP,Yes,CURRENT_TIMESTAMP,-,Record creation timestamp
CAM_REVIEW_HISTORY,CREATED_BY,VARCHAR2(50),Yes,-,-,User who created the record
CAM_ASSIGNMENT_HISTORY,ASSIGNMENT_ID,NUMBER,No,IDENTITY,PK,Auto-generated unique assignment identifier
CAM_ASSIGNMENT_HISTORY,CASE_ID,VARCHAR2(30),No,-,-,Case identifier (either 312 or CAM case)
CAM_ASSIGNMENT_HISTORY,CASE_TYPE,VARCHAR2(10),No,-,CHECK,"Type: 312 or CAM"
CAM_ASSIGNMENT_HISTORY,ASSIGNED_TO,VARCHAR2(50),No,-,-,User assigned to the case
CAM_ASSIGNMENT_HISTORY,ASSIGNED_BY,VARCHAR2(50),Yes,-,-,User who made the assignment
CAM_ASSIGNMENT_HISTORY,ASSIGNMENT_DATE,TIMESTAMP,Yes,CURRENT_TIMESTAMP,-,Date/time of assignment
CAM_ASSIGNMENT_HISTORY,UNASSIGNMENT_DATE,TIMESTAMP,Yes,-,-,Date/time of unassignment (NULL if still assigned)
CAM_ASSIGNMENT_HISTORY,ASSIGNMENT_REASON,VARCHAR2(500),Yes,-,-,Reason for assignment/reassignment
CAM_ASSIGNMENT_HISTORY,IS_CURRENT,CHAR(1),Yes,Y,CHECK,Flag indicating if this is the current assignment
CAM_ASSIGNMENT_HISTORY,CREATED_DATE,TIMESTAMP,Yes,CURRENT_TIMESTAMP,-,Record creation timestamp
CAM_LOB_CONFIG,LOB_CODE,VARCHAR2(20),No,-,PK,"LOB code: PB, ML, CI, Consumer, GB/GM, Small Business"
CAM_LOB_CONFIG,LOB_NAME,VARCHAR2(100),No,-,-,Full name of Line of Business
CAM_LOB_CONFIG,TRIGGER_TYPE,VARCHAR2(30),No,-,-,Default trigger type for this LOB
CAM_LOB_CONFIG,DAYS_THRESHOLD,NUMBER,Yes,-,-,Number of days threshold for trigger (NULL for DGA-based)
CAM_LOB_CONFIG,REQUIRES_312,CHAR(1),Yes,Y,CHECK,Whether 312 cases apply to this LOB (Y or N)
CAM_LOB_CONFIG,DESCRIPTION,VARCHAR2(500),Yes,-,-,Description of trigger rule
CAM_LOB_CONFIG,ACTIVE_FLAG,CHAR(1),Yes,Y,CHECK,Whether this LOB configuration is active
CAM_LOB_CONFIG,CREATED_DATE,TIMESTAMP,Yes,CURRENT_TIMESTAMP,-,Record creation timestamp
CAM_LOB_CONFIG,MODIFIED_DATE,TIMESTAMP,Yes,-,-,Last modification timestamp
CAM_AUDIT_TRAIL,AUDIT_ID,NUMBER,No,IDENTITY,PK,Auto-generated unique audit identifier
CAM_AUDIT_TRAIL,TABLE_NAME,VARCHAR2(50),No,-,-,Name of table where change occurred
CAM_AUDIT_TRAIL,RECORD_ID,VARCHAR2(30),No,-,-,Primary key value of changed record
CAM_AUDIT_TRAIL,ACTION_TYPE,VARCHAR2(20),No,-,CHECK,"Type of action: INSERT, UPDATE, DELETE"
CAM_AUDIT_TRAIL,CHANGED_BY,VARCHAR2(50),No,-,-,User who made the change
CAM_AUDIT_TRAIL,CHANGED_DATE,TIMESTAMP,Yes,CURRENT_TIMESTAMP,-,Date/time of change
CAM_AUDIT_TRAIL,OLD_VALUES,CLOB,Yes,-,-,JSON/XML of old column values (for UPDATE/DELETE)
CAM_AUDIT_TRAIL,NEW_VALUES,CLOB,Yes,-,-,JSON/XML of new column values (for INSERT/UPDATE)
CAM_AUDIT_TRAIL,CHANGE_REASON,VARCHAR2(500),Yes,-,-,Reason for change (if provided)