Table Name,Rule Category,Rule Description,Impact
CAM_PARTY_MASTER,Data Quality,Each party must have a valid LOB and risk rating,Data validation on insert/update
CAM_PARTY_MASTER,LOB Specific,For Small Business LOB REFRESH_ANNIVERSARY_MONTH is required,Required field validation
CAM_PARTY_MASTER,LOB Specific,For GB/GM LOB GLOBAL_DGA_DUE_DATE typically drives case creation,Business logic validation
CAM_PARTY_MASTER,Case Eligibility,HAS_312_FLAG determines eligibility for 312 case creation,Workflow trigger
CAM_POPULATION_TRIGGER,LOB Specific,PB/ML/CI LOB: High Risk clients trigger at 180 days before refresh,Population identification
CAM_POPULATION_TRIGGER,LOB Specific,Consumer LOB: High Risk clients trigger at 120 days before refresh,Population identification
CAM_POPULATION_TRIGGER,LOB Specific,Small Business LOB: Client-managed triggers at 95 days before anniversary month,Population identification
CAM_POPULATION_TRIGGER,LOB Specific,GB/GM LOB: Triggers based on Global DGA Due Date,Population identification
CAM_POPULATION_TRIGGER,Manual Exceptions,Manual uploads bypass standard trigger logic,Exception handling
CAM_312_CASES,Auto-Closure,HAS_MODEL_ALERT = Y → DECISION must be Full Review,Case routing logic
CAM_312_CASES,Auto-Closure,HAS_MODEL_ALERT = N → DECISION = Auto-Close AUTO_COMPLETE_FLAG = Y,Case routing logic
CAM_312_CASES,LOB Specific,Small Business LOB → DECISION = Not Applicable (no 312 flag),Exclusion rule
CAM_312_CASES,Auto-Closure,Elevated/Standard risk → Case created but typically auto-closes,Case routing logic
CAM_312_CASES,Data Visibility,Auto-closed cases still populate all data for visibility,Reporting requirement
CAM_CASES,Full Review Trigger,Full Review if: GFC_COUNT_NEW >= 2 OR HAD_312_NOT_AUTO_CLOSED = Y OR HAS_SAR_12M = Y,Case routing logic
CAM_CASES,Auto-Closure,Auto-Close if: All GFC cases reviewed in prior CAM AND HAD_CAM_REVIEW_12M = Y,Case routing logic
CAM_CASES,Pending Status,Pending 312 if: 312 case is still in progress and CAM decision depends on outcome,Workflow dependency
CAM_CASES,Risk Exclusion,Not Applicable if: Risk rating is Elevated/Standard (not High),Exclusion rule
CAM_CASES,Data Visibility,Auto-closed cases still create record with all data populated,Reporting requirement
CAM_CASES,Time Window,All monitoring data limited to 12-month window from CASE_CREATED_DATE,Scoping rule
CAM_GFC_CASES,Scope,IS_IN_SCOPE = Y if OPENED_DATE within 12 months of CAM case creation,Inclusion criteria
CAM_GFC_CASES,SAR Impact,IS_SAR = Y triggers automatic Full Review decision for CAM case,Critical trigger
CAM_GFC_CASES,Reusability,GFC cases can be linked to multiple CAM cases over time,Design pattern
CAM_GFC_CASES,Status Impact,Open vs Closed status affects CAM decision logic,Business logic
CAM_CASE_GFC_LINK,Review Tracking,REVIEWED_IN_PRIOR_CAM = Y indicates GFC was covered in previous review,Historical tracking
CAM_CASE_GFC_LINK,Auto-Closure,If all linked GFCs have REVIEWED_IN_PRIOR_CAM = Y CAM case may auto-close,Case routing logic
CAM_CASE_GFC_LINK,Full Review Trigger,New GFCs (REVIEWED_IN_PRIOR_CAM = N) trigger Full Review decision,Case routing logic
CAM_CASE_GFC_LINK,Data Integrity,UQ_CAM_GFC_LINK prevents duplicate links,Constraint
CAM_REVIEW_HISTORY,Trigger,Created when CAM or 312 case reaches Complete status,Automatic creation
CAM_REVIEW_HISTORY,Lookback,Used to determine HAD_CAM_REVIEW_12M flag for subsequent cases,Historical reference
CAM_REVIEW_HISTORY,Audit Trail,Provides audit trail of which GFC cases were reviewed,Compliance tracking
CAM_ASSIGNMENT_HISTORY,Current Flag,IS_CURRENT = Y for active assignment N for historical,Status management
CAM_ASSIGNMENT_HISTORY,Uniqueness,Only one record per CASE_ID should have IS_CURRENT = Y,Business rule
CAM_ASSIGNMENT_HISTORY,Reassignment,When reassigning previous assignment gets IS_CURRENT = N UNASSIGNMENT_DATE populated,Workflow logic
CAM_LOB_CONFIG,Configuration,Reference data table - changes require change control,Configuration management
CAM_LOB_CONFIG,Small Business,REQUIRES_312 = N for Small Business (no 312 flag),LOB exclusion
CAM_LOB_CONFIG,GB/GM Special,DAYS_THRESHOLD = NULL for GB/GM (uses DGA due date instead),Alternative trigger
CAM_AUDIT_TRAIL,Automation,Populated via database triggers on key tables,Automatic logging
CAM_AUDIT_TRAIL,Format,OLD_VALUES and NEW_VALUES stored as JSON for flexibility,Data format
CAM_AUDIT_TRAIL,Compliance,Retention policy: 7 years for compliance,Regulatory requirement
