LOB Code,LOB Name,Trigger Type,Days Threshold,Requires 312,Description
PB,Private Banking,Refresh 180 Days,180,Y,High Risk clients use 180-day refresh cycles for enhanced monitoring
ML,Middle Market Lending,Refresh 180 Days,180,Y,High Risk clients use 180-day refresh cycles for enhanced monitoring
CI,Commercial & Institutional,Refresh 180 Days,180,Y,High Risk clients use 180-day refresh cycles for enhanced monitoring
Consumer,Consumer Banking,Refresh 120 Days,120,Y,High Risk clients use 120-day cycles for consumer accounts
GB/GM,Global Banking/Global Markets,DGA Due Date,NULL,Y,Cases triggered based on Global DGA due dates
Small Business,Small Business,Refresh 95 Days,95,N,Client-managed with 95 days before refresh anniversary. No 312 flag.
