Parent Table,Child Table,Relationship Type,Foreign Key Column,Cardinality,Description
CAM_PARTY_MASTER,CAM_POPULATION_TRIGGER,One-to-Many,PARTY_ID,1:N,One party can have multiple population triggers over time
CAM_PARTY_MASTER,CAM_312_CASES,One-to-Many,PARTY_ID,1:N,One party can have multiple 312 cases
CAM_PARTY_MASTER,CAM_CASES,One-to-Many,PARTY_ID,1:N,One party can have multiple CAM cases
CAM_PARTY_MASTER,CAM_GFC_CASES,One-to-Many,PARTY_ID,1:N,One party can have multiple GFC cases
CAM_PARTY_MASTER,CAM_REVIEW_HISTORY,One-to-Many,PARTY_ID,1:N,One party can have multiple review history entries
CAM_POPULATION_TRIGGER,CAM_312_CASES,One-to-One,TRIGGER_ID,1:1,Each trigger creates one 312 case (if applicable)
CAM_POPULATION_TRIGGER,CAM_CASES,One-to-One,TRIGGER_ID,1:1,Each trigger creates one CAM case
CAM_312_CASES,CAM_CASES,One-to-One,CAM_312_CASE_ID,1:1,Each 312 case may have a corresponding CAM case
CAM_CASES,CAM_CASE_GFC_LINK,One-to-Many,CAM_CASE_ID,1:N,One CAM case can be linked to multiple GFC cases
CAM_CASES,CAM_REVIEW_HISTORY,One-to-Many,CAM_CASE_ID,1:N,One CAM case can have multiple review history entries
CAM_GFC_CASES,CAM_CASE_GFC_LINK,One-to-Many,GFC_CASE_ID,1:N,One GFC case can be linked to multiple CAM cases
