Table Name,Purpose,Primary Key,Row Count Estimate,Indexes,Retention Policy
CAM_PARTY_MASTER,Master table for client/party information including LOB risk ratings and refresh schedules,PARTY_ID,100000+,"IDX_PARTY_CLIENT_ID, IDX_PARTY_LOB, IDX_PARTY_RISK, IDX_PARTY_REFRESH_DUE",Indefinite (soft delete)
CAM_POPULATION_TRIGGER,Tracks population identification triggers that initiate case creation based on LOB-specific rules,TRIGGER_ID,50000+,"IDX_POP_PARTY_ID, IDX_POP_TRIGGER_DATE, IDX_POP_STATUS",7 years
CAM_312_CASES,312 review cases with model alert evaluation and auto-closure logic,CAM_312_CASE_ID,25000+,"IDX_312_PARTY_ID, IDX_312_STATUS, IDX_312_DECISION, IDX_312_CREATED_DATE, IDX_312_ASSIGNED_TO, IDX_312_SLA_DUE",7 years
CAM_CASES,CAM review cases with GFC case evaluation and auto-closure logic,CAM_CASE_ID,25000+,"IDX_CAM_PARTY_ID, IDX_CAM_312_CASE, IDX_CAM_STATUS, IDX_CAM_DECISION, IDX_CAM_CREATED_DATE, IDX_CAM_ASSIGNED_TO, IDX_CAM_SLA_DUE",7 years
CAM_GFC_CASES,Generic Findings Cases from various monitoring systems,GFC_CASE_ID,200000+,"IDX_GFC_PARTY_ID, IDX_GFC_STATUS, IDX_GFC_OPENED_DATE, IDX_GFC_TYPE, IDX_GFC_IS_SAR",7 years
CAM_CASE_GFC_LINK,Many-to-many relationship linking CAM cases to related GFC cases with review tracking,LINK_ID,500000+,"IDX_LINK_CAM_CASE, IDX_LINK_GFC_CASE, IDX_LINK_PRIOR_CAM",7 years
CAM_REVIEW_HISTORY,Historical record of completed CAM and 312 reviews for trending and reporting,REVIEW_ID,30000+,"IDX_HISTORY_CAM_CASE, IDX_HISTORY_PARTY, IDX_HISTORY_REVIEW_DATE",10 years
CAM_ASSIGNMENT_HISTORY,Tracks case assignment changes over time for workload management and reporting,ASSIGNMENT_ID,100000+,"IDX_ASSIGN_CASE_ID, IDX_ASSIGN_USER, IDX_ASSIGN_CURRENT",7 years
CAM_LOB_CONFIG,Configuration table for LOB-specific population trigger rules and thresholds,LOB_CODE,6,None,Indefinite
CAM_AUDIT_TRAIL,Comprehensive audit trail for all data changes across critical tables,AUDIT_ID,5000000+,"IDX_AUDIT_TABLE, IDX_AUDIT_RECORD, IDX_AUDIT_DATE",7 years
